filename,class
285.jpg,Forward
229.jpg,Forward
274.jpg,Right_wing_mirror
329.jpg,Right_wing_mirror
298.jpg,Forward
128.jpg,Left_wing_mirror
309.jpg,Rearview_mirror
412.jpg,Right_wing_mirror
215.jpg,Right_wing_mirror
80.jpg,Right_wing_mirror
471.jpg,Rearview_mirror
294.jpg,Centerstack
146.jpg,Left_wing_mirror
99.jpg,Centerstack
166.jpg,Left_wing_mirror
257.jpg,Forward
418.jpg,Forward
450.jpg,Centerstack
38.jpg,Forward
438.jpg,Forward
383.jpg,Centerstack
252.jpg,Centerstack
245.jpg,Left_wing_mirror
406.jpg,Centerstack
344.jpg,Rearview_mirror
348.jpg,Centerstack
394.jpg,Forward
497.jpg,Right_wing_mirror
304.jpg,Forward
404.jpg,Right_wing_mirror
306.jpg,Forward
461.jpg,Forward
366.jpg,Centerstack
7.jpg,Centerstack
415.jpg,Left_wing_mirror
129.jpg,Centerstack
332.jpg,Forward
48.jpg,Left_wing_mirror
272.jpg,Forward
57.jpg,Right_wing_mirror
417.jpg,Left_wing_mirror
20.jpg,Rearview_mirror
268.jpg,Forward
240.jpg,Right_wing_mirror
32.jpg,Centerstack
85.jpg,Left_wing_mirror
310.jpg,Forward
22.jpg,Rearview_mirror
142.jpg,Left_wing_mirror
79.jpg,Left_wing_mirror
31.jpg,Centerstack
491.jpg,Centerstack
143.jpg,Rearview_mirror
155.jpg,Rearview_mirror
317.jpg,Left_wing_mirror
291.jpg,Left_wing_mirror
193.jpg,Centerstack
121.jpg,Rearview_mirror
55.jpg,Right_wing_mirror
200.jpg,Rearview_mirror
189.jpg,Rearview_mirror
260.jpg,Centerstack
23.jpg,Rearview_mirror
181.jpg,Left_wing_mirror
120.jpg,Rearview_mirror
56.jpg,Rearview_mirror
331.jpg,Rearview_mirror
94.jpg,Forward
431.jpg,Left_wing_mirror
243.jpg,Left_wing_mirror
452.jpg,Forward
377.jpg,Forward
212.jpg,Rearview_mirror
357.jpg,Rearview_mirror
396.jpg,Centerstack
437.jpg,Left_wing_mirror
160.jpg,Forward
197.jpg,Forward
156.jpg,Right_wing_mirror
175.jpg,Right_wing_mirror
456.jpg,Left_wing_mirror
110.jpg,Rearview_mirror
11.jpg,Forward
234.jpg,Right_wing_mirror
10.jpg,Rearview_mirror
44.jpg,Forward
227.jpg,Centerstack
368.jpg,Forward
196.jpg,Rearview_mirror
293.jpg,Right_wing_mirror
221.jpg,Left_wing_mirror
169.jpg,Rearview_mirror
159.jpg,Left_wing_mirror
473.jpg,Rearview_mirror
258.jpg,Forward
289.jpg,Rearview_mirror
492.jpg,Rearview_mirror
470.jpg,Right_wing_mirror
410.jpg,Right_wing_mirror
100.jpg,Left_wing_mirror
263.jpg,Centerstack
65.jpg,Rearview_mirror
496.jpg,Centerstack
345.jpg,Rearview_mirror
440.jpg,Rearview_mirror
387.jpg,Forward
365.jpg,Right_wing_mirror
363.jpg,Forward
464.jpg,Forward
423.jpg,Left_wing_mirror
449.jpg,Centerstack
283.jpg,Forward
163.jpg,Centerstack
187.jpg,Left_wing_mirror
183.jpg,Right_wing_mirror
435.jpg,Right_wing_mirror
115.jpg,Centerstack
211.jpg,Forward
157.jpg,Rearview_mirror
443.jpg,Right_wing_mirror
447.jpg,Left_wing_mirror
135.jpg,Centerstack
360.jpg,Rearview_mirror
441.jpg,Right_wing_mirror
336.jpg,Centerstack
139.jpg,Centerstack
346.jpg,Forward
96.jpg,Forward
164.jpg,Centerstack
356.jpg,Centerstack
312.jpg,Forward
242.jpg,Left_wing_mirror
235.jpg,Left_wing_mirror
338.jpg,Left_wing_mirror
458.jpg,Left_wing_mirror
502.jpg,Centerstack
123.jpg,Centerstack
321.jpg,Right_wing_mirror
267.jpg,Left_wing_mirror
467.jpg,Right_wing_mirror
204.jpg,Forward
287.jpg,Left_wing_mirror
24.jpg,Centerstack
232.jpg,Centerstack
247.jpg,Rearview_mirror
144.jpg,Centerstack
499.jpg,Left_wing_mirror
325.jpg,Left_wing_mirror
148.jpg,Forward
91.jpg,Rearview_mirror
116.jpg,Centerstack
230.jpg,Forward
370.jpg,Right_wing_mirror
266.jpg,Left_wing_mirror
59.jpg,Left_wing_mirror
290.jpg,Rearview_mirror
305.jpg,Right_wing_mirror
34.jpg,Right_wing_mirror
248.jpg,Right_wing_mirror
209.jpg,Rearview_mirror
277.jpg,Rearview_mirror
379.jpg,Left_wing_mirror
388.jpg,Right_wing_mirror
52.jpg,Right_wing_mirror
276.jpg,Forward
275.jpg,Centerstack
419.jpg,Left_wing_mirror
319.jpg,Rearview_mirror
42.jpg,Forward
448.jpg,Left_wing_mirror
190.jpg,Right_wing_mirror
495.jpg,Rearview_mirror
303.jpg,Left_wing_mirror
101.jpg,Left_wing_mirror
400.jpg,Right_wing_mirror
409.jpg,Left_wing_mirror
207.jpg,Centerstack
84.jpg,Rearview_mirror
428.jpg,Centerstack
494.jpg,Forward
255.jpg,Right_wing_mirror
327.jpg,Rearview_mirror
250.jpg,Right_wing_mirror
246.jpg,Centerstack
37.jpg,Forward
25.jpg,Forward
147.jpg,Centerstack
133.jpg,Forward
432.jpg,Rearview_mirror
231.jpg,Centerstack
8.jpg,Rearview_mirror
507.jpg,Centerstack
74.jpg,Forward
86.jpg,Rearview_mirror
430.jpg,Rearview_mirror
273.jpg,Forward
174.jpg,Left_wing_mirror
256.jpg,Forward
46.jpg,Forward
97.jpg,Centerstack
297.jpg,Rearview_mirror
239.jpg,Right_wing_mirror
390.jpg,Forward
330.jpg,Right_wing_mirror
296.jpg,Forward
500.jpg,Rearview_mirror
89.jpg,Right_wing_mirror
457.jpg,Rearview_mirror
45.jpg,Centerstack
214.jpg,Right_wing_mirror
395.jpg,Rearview_mirror
479.jpg,Rearview_mirror
17.jpg,Forward
421.jpg,Forward
334.jpg,Left_wing_mirror
1.jpg,Forward
439.jpg,Centerstack
53.jpg,Rearview_mirror
151.jpg,Left_wing_mirror
374.jpg,Forward
95.jpg,Forward
475.jpg,Left_wing_mirror
269.jpg,Right_wing_mirror
286.jpg,Forward
60.jpg,Right_wing_mirror
343.jpg,Right_wing_mirror
373.jpg,Rearview_mirror
397.jpg,Centerstack
13.jpg,Centerstack
201.jpg,Rearview_mirror
483.jpg,Right_wing_mirror
105.jpg,Centerstack
391.jpg,Forward
192.jpg,Centerstack
403.jpg,Forward
29.jpg,Right_wing_mirror
349.jpg,Left_wing_mirror
168.jpg,Centerstack
54.jpg,Centerstack
280.jpg,Right_wing_mirror
98.jpg,Right_wing_mirror
226.jpg,Right_wing_mirror
262.jpg,Rearview_mirror
224.jpg,Left_wing_mirror
191.jpg,Forward
108.jpg,Centerstack
424.jpg,Rearview_mirror
313.jpg,Rearview_mirror
442.jpg,Forward
35.jpg,Rearview_mirror
58.jpg,Rearview_mirror
249.jpg,Centerstack
339.jpg,Rearview_mirror
122.jpg,Rearview_mirror
220.jpg,Rearview_mirror
355.jpg,Rearview_mirror
393.jpg,Forward
233.jpg,Forward
125.jpg,Right_wing_mirror
480.jpg,Centerstack
114.jpg,Right_wing_mirror
112.jpg,Right_wing_mirror
340.jpg,Left_wing_mirror
130.jpg,Forward
490.jpg,Rearview_mirror
337.jpg,Centerstack
21.jpg,Centerstack
433.jpg,Forward
292.jpg,Rearview_mirror
49.jpg,Centerstack
401.jpg,Forward
444.jpg,Left_wing_mirror
311.jpg,Centerstack
172.jpg,Forward
476.jpg,Left_wing_mirror
170.jpg,Centerstack
474.jpg,Rearview_mirror
225.jpg,Centerstack
124.jpg,Rearview_mirror
26.jpg,Centerstack
153.jpg,Rearview_mirror
367.jpg,Right_wing_mirror
408.jpg,Left_wing_mirror
347.jpg,Centerstack
218.jpg,Forward
429.jpg,Centerstack
36.jpg,Rearview_mirror
106.jpg,Right_wing_mirror
295.jpg,Forward
208.jpg,Right_wing_mirror
402.jpg,Rearview_mirror
284.jpg,Centerstack
315.jpg,Centerstack
186.jpg,Rearview_mirror
2.jpg,Forward
351.jpg,Forward
278.jpg,Forward
241.jpg,Left_wing_mirror
364.jpg,Left_wing_mirror
18.jpg,Rearview_mirror
389.jpg,Forward
314.jpg,Forward
28.jpg,Centerstack
62.jpg,Forward
194.jpg,Right_wing_mirror
138.jpg,Rearview_mirror
398.jpg,Rearview_mirror
177.jpg,Left_wing_mirror
425.jpg,Forward
362.jpg,Right_wing_mirror
154.jpg,Centerstack
132.jpg,Left_wing_mirror
152.jpg,Rearview_mirror
43.jpg,Right_wing_mirror
222.jpg,Centerstack
203.jpg,Right_wing_mirror
436.jpg,Left_wing_mirror
328.jpg,Centerstack
217.jpg,Rearview_mirror
216.jpg,Forward
378.jpg,Forward
359.jpg,Centerstack
302.jpg,Rearview_mirror
307.jpg,Centerstack
4.jpg,Forward
136.jpg,Forward
176.jpg,Rearview_mirror
67.jpg,Right_wing_mirror
198.jpg,Forward
51.jpg,Rearview_mirror
261.jpg,Forward
140.jpg,Forward
87.jpg,Rearview_mirror
173.jpg,Left_wing_mirror
508.jpg,Centerstack
185.jpg,Rearview_mirror
149.jpg,Left_wing_mirror
482.jpg,Rearview_mirror
72.jpg,Right_wing_mirror
88.jpg,Forward
462.jpg,Right_wing_mirror
33.jpg,Left_wing_mirror
30.jpg,Right_wing_mirror
322.jpg,Centerstack
15.jpg,Centerstack
103.jpg,Centerstack
137.jpg,Centerstack
12.jpg,Left_wing_mirror
158.jpg,Centerstack
301.jpg,Right_wing_mirror
392.jpg,Right_wing_mirror
434.jpg,Right_wing_mirror
468.jpg,Rearview_mirror
171.jpg,Left_wing_mirror
117.jpg,Forward
40.jpg,Rearview_mirror
369.jpg,Left_wing_mirror
219.jpg,Rearview_mirror
509.jpg,Centerstack
206.jpg,Right_wing_mirror
503.jpg,Rearview_mirror
372.jpg,Rearview_mirror
78.jpg,Left_wing_mirror
223.jpg,Rearview_mirror
353.jpg,Left_wing_mirror
420.jpg,Forward
375.jpg,Rearview_mirror
265.jpg,Forward
326.jpg,Forward
41.jpg,Right_wing_mirror
68.jpg,Centerstack
102.jpg,Rearview_mirror
5.jpg,Forward
251.jpg,Right_wing_mirror
300.jpg,Left_wing_mirror
184.jpg,Rearview_mirror
308.jpg,Rearview_mirror
205.jpg,Centerstack
244.jpg,Centerstack
202.jpg,Rearview_mirror
90.jpg,Right_wing_mirror
71.jpg,Right_wing_mirror
427.jpg,Right_wing_mirror
238.jpg,Right_wing_mirror
505.jpg,Rearview_mirror
453.jpg,Left_wing_mirror
179.jpg,Right_wing_mirror
478.jpg,Left_wing_mirror
333.jpg,Rearview_mirror
66.jpg,Left_wing_mirror
82.jpg,Left_wing_mirror
282.jpg,Forward
489.jpg,Left_wing_mirror
126.jpg,Rearview_mirror
381.jpg,Right_wing_mirror
361.jpg,Rearview_mirror
92.jpg,Centerstack
371.jpg,Centerstack
16.jpg,Right_wing_mirror
318.jpg,Forward
47.jpg,Forward
264.jpg,Rearview_mirror
93.jpg,Left_wing_mirror
411.jpg,Centerstack
376.jpg,Forward
323.jpg,Centerstack
454.jpg,Forward
70.jpg,Left_wing_mirror
213.jpg,Forward
127.jpg,Left_wing_mirror
324.jpg,Centerstack
352.jpg,Forward
77.jpg,Left_wing_mirror
455.jpg,Rearview_mirror
253.jpg,Centerstack
407.jpg,Forward
405.jpg,Left_wing_mirror
486.jpg,Right_wing_mirror
228.jpg,Left_wing_mirror
422.jpg,Centerstack
210.jpg,Forward
446.jpg,Rearview_mirror
6.jpg,Forward
354.jpg,Centerstack
316.jpg,Centerstack
299.jpg,Centerstack
384.jpg,Right_wing_mirror
416.jpg,Centerstack
493.jpg,Forward
385.jpg,Centerstack
104.jpg,Left_wing_mirror
335.jpg,Centerstack
69.jpg,Rearview_mirror
341.jpg,Centerstack
150.jpg,Forward
460.jpg,Right_wing_mirror
118.jpg,Forward
498.jpg,Centerstack
83.jpg,Left_wing_mirror
414.jpg,Right_wing_mirror
75.jpg,Left_wing_mirror
111.jpg,Rearview_mirror
445.jpg,Centerstack
342.jpg,Forward
271.jpg,Rearview_mirror
165.jpg,Rearview_mirror
50.jpg,Forward
281.jpg,Rearview_mirror
161.jpg,Forward
465.jpg,Right_wing_mirror
236.jpg,Rearview_mirror
113.jpg,Left_wing_mirror
109.jpg,Left_wing_mirror
488.jpg,Rearview_mirror
477.jpg,Centerstack
76.jpg,Rearview_mirror
9.jpg,Forward
27.jpg,Rearview_mirror
162.jpg,Forward
73.jpg,Forward
182.jpg,Left_wing_mirror
39.jpg,Rearview_mirror
358.jpg,Forward
195.jpg,Forward
119.jpg,Right_wing_mirror
134.jpg,Centerstack
469.jpg,Right_wing_mirror
107.jpg,Forward
3.jpg,Centerstack
485.jpg,Forward
63.jpg,Rearview_mirror
167.jpg,Forward
380.jpg,Rearview_mirror
504.jpg,Right_wing_mirror
270.jpg,Forward
141.jpg,Left_wing_mirror
426.jpg,Rearview_mirror
259.jpg,Left_wing_mirror
484.jpg,Left_wing_mirror
399.jpg,Left_wing_mirror
382.jpg,Centerstack
487.jpg,Left_wing_mirror
254.jpg,Rearview_mirror
386.jpg,Left_wing_mirror
466.jpg,Rearview_mirror
481.jpg,Rearview_mirror
64.jpg,Rearview_mirror
61.jpg,Right_wing_mirror
463.jpg,Centerstack
180.jpg,Centerstack
131.jpg,Centerstack
451.jpg,Left_wing_mirror
506.jpg,Left_wing_mirror
459.jpg,Rearview_mirror
178.jpg,Forward
350.jpg,Right_wing_mirror
472.jpg,Forward
145.jpg,Forward
14.jpg,Rearview_mirror
199.jpg,Left_wing_mirror
320.jpg,Forward
501.jpg,Forward
288.jpg,Forward
19.jpg,Centerstack
413.jpg,Right_wing_mirror
188.jpg,Forward
279.jpg,Rearview_mirror
81.jpg,Forward
237.jpg,Left_wing_mirror
